{"a": {"score": 3, "folder": "runs/2021-02-25T15-14-33.341957", "module": "solvers.solve"}, "b": {"score": 3, "folder": "runs/2021-02-25T15-14-33.351025", "module": "solvers.solve"}, "c": {"score": 3, "folder": "runs/2021-02-25T15-14-36.821984", "module": "solvers.solve"}, "d": {"score": 2, "folder": "runs/2021-02-25T15-07-50.814019", "module": "solvers.solve"}, "e": {"score": 2, "folder": "runs/2021-02-25T15-09-06.665782", "module": "solvers.solve"}, "f": {"score": 2, "folder": "runs/2021-02-25T15-09-06.875120", "module": "solvers.solve"}}